username,email,password,role
Bhavik,bhavik@gmail.com,Bhavik@123,Manager
Ashish,ashish@gmail.com,Ashish@123,CO
Viraj,viraj@gmail.com,Viraj@123,PC
Sunny,sunny@gmail.com,Sunny@123,Sales
Tejas,tejas@gmail.com,Tejas@123,Sales
Urvashi,urvashi@gmail.com,Urvashi@123,Sales
Hiren,hiren@gmail.com,Hiren@123,PC
Vasu,vasu@gmail.com,Vasu@123,PC
Milan,milan@gmail.com,Milan@123,CO
Adnan,adnan@gmail.com,Adnan@123,CO